{
    "Logistic_Regression": [
        0.8643916492523687,
        0.8643510722473574,
        0.8650003043275376,
        0.8640467447097729,
        0.8645133802674024,
        0.8640061677047617,
        0.8650030432136336,
        0.8644349766686955,
        0.8661797524852911,
        0.8658754311219314
    ],
    "Random_Forest": [
        0.9960640305139078,
        0.996104607518919,
        0.9959220109963683,
        0.9951916249061656,
        0.9953133559211994,
        0.9954959524437501,
        0.9956177723676202,
        0.996895922093731,
        0.9951511462771353,
        0.9966930411848245
    ],
    "Neural_Network": [
        0.8901174704295076,
        0.8894276613443162,
        0.8869930410436405,
        0.8853496723406845,
        0.887682850128832,
        0.8813325488445698,
        0.8883749239196591,
        0.8857171840129844,
        0.8917630350983973,
        0.8897748021911138
    ],
    "Naive_Bayes": [
        0.7512223822759642,
        0.7517701718436163,
        0.7525208464363246,
        0.7518107488486275,
        0.753920753109213,
        0.7499644951206151,
        0.749624670318523,
        0.7506593629539461,
        0.7529113410428079,
        0.7524650030432136
    ],
    "Linear_SVM": [
        0.33378644322262574,
        0.2962527135872101,
        0.28379557304875325,
        0.32234372780945036,
        0.35188378745764776,
        0.3055651362372943,
        0.524325420977886,
        0.45534591194968554,
        0.5602353418543315,
        0.28165956583485496
    ]
}